Browser,Month,Traffic Source,Views,Visits
Chrome,Jul-13,External,7765921,691120
Chrome,Jul-13,Internal,454,110
Microsoft Internet Explorer 10.x,Jul-13,External,6773492,557509
Mobile Safari,Jul-13,External,6067298,519093
Microsoft Internet Explorer 8.x,Jul-13,External,5078805,455815
Microsoft Internet Explorer 8.x,Jul-13,Internal,666710,69007
Firefox,Jul-13,External,4440016,436873
Firefox,Jul-13,Internal,19699,1387
Microsoft Internet Explorer 9.x,Jul-13,External,3923983,386112
Safari,Jul-13,External,2168245,245044
Microsoft Internet Explorer 7.x,Jul-13,External,1399406,162603
Microsoft Internet Explorer 7.x,Jul-13,Internal,70274,6982
Mozilla,Jul-13,External,99478,17146
Microsoft Internet Explorer 6.x,Jul-13,External,88426,15753
Microsoft Internet Explorer 6.x,Jul-13,Internal,961,244
Opera 9.x,Jul-13,External,43341,7280
Netscape Navigator 4.x,Jul-13,External,4181,2405
Links,Jul-13,External,1290,291
LG P690f,Jul-13,External,23565,156
Nokia C2-01,Jul-13,External,174,103
LG E425f,Jul-13,External,64,30
Microsoft Internet Explorer 999.x,Jul-13,External,366,65
Nokia 300,Jul-13,External,101,48
External,Jul-13,External,114,45
LG E975K,Jul-13,External,448,47
UCWEB,Jul-13,External,19,15
Nokia C3-00,Jul-13,External,195,47
BlackBerry 8520,Jul-13,External,35,16
Nokia 302,Jul-13,External,109,30
BlackBerry 9700,Jul-13,External,73,32
KHPHN05ANDA Linux,Jul-13,External,88,30
Opera 12.x,Jul-13,External,47,21
Konqueror 3.x,Jul-13,External,13,13
MQQBrowser,Jul-13,External,20,11
Nokia 311,Jul-13,External,118,23
IE 7 - Mozilla,Jul-13,External,46,33
LG P970h,Jul-13,External,49,17
Huawei,Jul-13,External,237,30
Nokia X2-01,Jul-13,External,22,10
GT-E3300 Opera,Jul-13,External,12,3
NetFront,Jul-13,External,27,16
Nokia 7230,Jul-13,External,7,6
Opera 8.x,Jul-13,External,8,3
Nokia X3-02,Jul-13,External,80,13
BlackBerry 9300,Jul-13,External,3,1
OneBrowser,Jul-13,External,3,1
'Mozilla,Jul-13,External,9,5
Dalvik,Jul-13,External,37,7
BlackBerry 9100,Jul-13,External,9,3
BlackBerry 9000,Jul-13,External,14,5
Sony Ericsson U5i,Jul-13,External,17,5
Nokia 200,Jul-13,External,3,3
Konqueror 4.x,Jul-13,External,24,2
Nokia X2-02,Jul-13,External,3,2
NAVER(inapp; cafe; 100;,Jul-13,External,5,3
Nokia 305,Jul-13,External,1,1
QQTB,Jul-13,External,3,3
GT-I9300 Linux,Jul-13,External,4,2
silly that i have to do this,Jul-13,External,26,4
0 Opera,Jul-13,External,3,3
Empty,Jul-13,External,13,2
RunboX5-W Linux,Jul-13,External,7,5
Universe,Jul-13,External,2,1
SAMSUNG-GT-E2252 Opera,Jul-13,External,1,1
msie,Jul-13,External,3,1
Nokia X2-00,Jul-13,External,1,1
JUC,Jul-13,External,1,1
TWINSCOM N500 Linux,Jul-13,External,4,2
GT-I9500 Linux,Jul-13,External,16,3
SAMSUNG-GT-C3262 Opera,Jul-13,External,4,2
SAMSUNG Opera,Jul-13,External,5,3
Nokia E71/UCWEB8.2.0.116/28,Jul-13,External,7,4
LG GT540f,Jul-13,External,123,3
Motorola XT615,Jul-13,External,2,2
SAMSUNG-GT-S8500T,Jul-13,External,3,2
iBrowser,Jul-13,External,5,4
SAMSUNG-GT-i8000T Opera,Jul-13,External,8,4
Netscape Navigator 8.x,Jul-13,External,18,4
Nokia 5233,Jul-13,External,1,1
anonymous,Jul-13,External,1,1
Seznam screenshot-generator,Jul-13,External,1,1
Lenovo S890,Jul-13,External,5,3
HTC HD2 T9193 Opera,Jul-13,External,4,3
Lenovo-A820,Jul-13,External,13,3
Motorola EX225,Jul-13,External,27,2
CK={QwAqA,Jul-13,External,8,2
Gecko,Jul-13,External,4,2
GT-N7100 Linux,Jul-13,External,2,2
Epiphany 1.x,Jul-13,External,3,2
Motorola MOTORAZRV9,Jul-13,External,1,1
Nokia C6-00,Jul-13,External,2,2
LG E400,Jul-13,External,2,1
Lenovo-A800,Jul-13,External,2,2
Nokia 202,Jul-13,External,4,1
Nokia 3720c,Jul-13,External,2,2
Nokia C3-01,Jul-13,External,3,1
Nokia C2-03,Jul-13,External,2,1
internet Explorer,Jul-13,External,9,2
Android,Jul-13,External,7,2
Touch HD T8285 Opera,Jul-13,External,9,2
Motorola A3100,Jul-13,External,5,1
0,Jul-13,External,1,1
Nokia 6303iclassic,Jul-13,External,1,1
Java,Jul-13,External,1,1
HTC Touch Pro2 T7373 Opera,Jul-13,External,1,1
undefined GoogleToolbarBB,Jul-13,External,1,1
I9300 Linux,Jul-13,External,8,1
SAMSUNG-S8003,Jul-13,External,2,1
Motorola MOTORAZRV9x,Jul-13,External,2,1
HUAWEI T8951 TD,Jul-13,External,1,1
Nokia E72-1/UCWEB8.9.0.253/28,Jul-13,External,1,1
HTC Snap S523,Jul-13,External,21,1
Nokia 2690,Jul-13,External,2,1
iPad Safari: Mozilla,Jul-13,External,1,1
Nokia X3-00,Jul-13,External,2,1
QuickTime Player,Jul-13,External,9,1
fuckyou,Jul-13,External,10,1
Sony Ericsson J108a,Jul-13,External,33,1
SAMSUNG-GT-S5222 Opera,Jul-13,External,1,1
Motorola MT680_TD,Jul-13,External,1,1
SAMSUNG-GT-S5620,Jul-13,External,1,1
Chrome,Aug-13,External,5625394,665842
Chrome,Aug-13,Internal,296,78
Microsoft Internet Explorer 10.x,Aug-13,External,4492671,495063
Mobile Safari,Aug-13,External,4991920,488788
Microsoft Internet Explorer 8.x,Aug-13,External,3494041,394522
Microsoft Internet Explorer 8.x,Aug-13,Internal,588267,63364
Firefox,Aug-13,External,3076195,407614
Firefox,Aug-13,Internal,8564,1200
Microsoft Internet Explorer 9.x,Aug-13,External,2730048,336612
Safari,Aug-13,External,1728544,246204
Microsoft Internet Explorer 7.x,Aug-13,External,964528,151314
Microsoft Internet Explorer 7.x,Aug-13,Internal,47075,5574
Mozilla,Aug-13,External,94630,18363
Microsoft Internet Explorer 6.x,Aug-13,External,77700,13693
Microsoft Internet Explorer 6.x,Aug-13,Internal,1036,250
Opera 9.x,Aug-13,External,33278,7122
Netscape Navigator 4.x,Aug-13,External,3760,3142
Links,Aug-13,External,486,181
LG P690f,Aug-13,External,470,173
Nokia C2-01,Aug-13,External,262,127
LG E425f,Aug-13,External,10074,83
Microsoft Internet Explorer 999.x,Aug-13,External,241,56
Nokia 300,Aug-13,External,120,64
External,Aug-13,External,133,56
LG E975K,Aug-13,External,1539,39
UCWEB,Aug-13,External,116,42
Nokia C3-00,Aug-13,External,93,28
BlackBerry 8520,Aug-13,External,85,45
Nokia 302,Aug-13,External,67,36
BlackBerry 9700,Aug-13,External,54,34
KHPHN05ANDA Linux,Aug-13,External,76,31
Opera 12.x,Aug-13,External,28,12
Konqueror 3.x,Aug-13,External,29,29
MQQBrowser,Aug-13,External,43,24
Nokia 311,Aug-13,External,309,32
IE 7 - Mozilla,Aug-13,External,22,22
LG P970h,Aug-13,External,61,28
Huawei,Aug-13,External,10,6
Nokia X2-01,Aug-13,External,25,16
GT-E3300 Opera,Aug-13,External,80,23
NetFront,Aug-13,External,6,6
Nokia 7230,Aug-13,External,38,17
Opera 8.x,Aug-13,External,13,8
Nokia X3-02,Aug-13,External,7,4
BlackBerry 9300,Aug-13,External,21,10
OneBrowser,Aug-13,External,19,9
'Mozilla,Aug-13,External,10,4
Dalvik,Aug-13,External,6,4
BlackBerry 9100,Aug-13,External,12,7
BlackBerry 9000,Aug-13,External,7,4
Sony Ericsson U5i,Aug-13,External,12,5
Nokia 200,Aug-13,External,2,2
Konqueror 4.x,Aug-13,External,2,2
Nokia X2-02,Aug-13,External,8,4
Netscape Navigator 7.x,Aug-13,External,14,7
NAVER(inapp; cafe; 100;,Aug-13,External,5,3
Nokia 305,Aug-13,External,7,3
QQTB,Aug-13,External,5,4
GT-I9300 Linux,Aug-13,External,2,2
LG E450f,Aug-13,External,7,6
HTC HD2 T9193 Mozilla,Aug-13,External,2,2
0 Opera,Aug-13,External,4,2
Empty,Aug-13,External,3,2
Universe,Aug-13,External,35,4
SAMSUNG-GT-E2252 Opera,Aug-13,External,4,4
msie,Aug-13,External,19,2
Nokia X2-00,Aug-13,External,3,3
JUC,Aug-13,External,4,3
IUC(U;iOS,Aug-13,External,5,5
WordPress,Aug-13,External,4,4
SAMSUNG-GT-S5603T,Aug-13,External,17,5
TWINSCOM N500 Linux,Aug-13,External,4,3
SAMSUNG-GT-C3262 Opera,Aug-13,External,3,2
SAMSUNG Opera,Aug-13,External,1,1
Nokia E71/UCWEB8.2.0.116/28,Aug-13,External,1,1
Nokia 201,Aug-13,External,16,2
Motorola XT615,Aug-13,External,2,2
SAMSUNG-GT-S8500T,Aug-13,External,17,2
JUC(Linux;U;Android,Aug-13,External,5,3
Opera 11.x,Aug-13,External,5,2
Pikachu,Aug-13,External,5,3
Nokia 206,Aug-13,External,12,2
Nokia C1-01,Aug-13,External,1,1
Nokia 5233,Aug-13,External,2,2
anonymous,Aug-13,External,2,2
Seznam screenshot-generator,Aug-13,External,2,2
Motorola EX225,Aug-13,External,3,1
Gecko,Aug-13,External,2,1
GT-N7100 Linux,Aug-13,External,1,1
BlackBerry 9520,Aug-13,External,1,1
BlackBerry 9500,Aug-13,External,1,1
Opera 10.x,Aug-13,External,3,2
Microsoft Internet Explorer 5.x,Aug-13,External,2,2
PB,Aug-13,External,10,2
Victory A18 Linux,Aug-13,External,7,2
Sony Ericsson U1i,Aug-13,External,2,1
SAMSUNG-GT-S5222R Opera,Aug-13,External,2,2
Nokia C7-00,Aug-13,External,6,2
Nokia 2730c-1,Aug-13,External,2,2
...,Aug-13,External,6,2
World Manager,Aug-13,External,1,1
Motorola XT530,Aug-13,External,1,1
Nokia C3-01.5,Aug-13,External,1,1
BlackBerry 8900,Aug-13,External,6,2
Lenovo-A830,Aug-13,External,2,1
Nokia 5310XpressMusic,Aug-13,External,22,2
Nokia 5130c-2,Aug-13,External,1,1
Motorola MOTORAZRV9,Aug-13,External,18,1
LG E400,Aug-13,External,4,1
Nokia C3-01,Aug-13,External,1,1
SAMSUNG-GT-S3802 Opera,Aug-13,External,2,1
iPhone,Aug-13,External,1,1
Nokia X2-05,Aug-13,External,1,1
Motorola EX119,Aug-13,External,1,1
DOLSBrowser,Aug-13,External,1,1
Aastra 480i,Aug-13,External,1,1
m,Aug-13,External,1,1
Genieo,Aug-13,External,2,1
SAMSUNG-GT-B7320,Aug-13,External,1,1
MQBrowser,Aug-13,External,2,1
Nokia X3-02.5,Aug-13,External,2,1
cntlm,Aug-13,External,2,1
HD2 T8585 Opera,Aug-13,External,2,1
iMozilla,Aug-13,External,5,1
SAMSUNG-GT-C3322,Aug-13,External,2,1
HTCT328t TD,Aug-13,External,6,1
Nokia 303,Aug-13,External,1,1
Nokia E72-1,Aug-13,External,1,1
SAMSUNG-GT-I9308 TD,Aug-13,External,1,1
Chrome,Sep-13,External,3563878,504094
Chrome,Sep-13,Internal,747,52
Microsoft Internet Explorer 10.x,Sep-13,External,3503584,348925
Mobile Safari,Sep-13,External,3085735,347039
Microsoft Internet Explorer 8.x,Sep-13,External,2200297,276366
Microsoft Internet Explorer 8.x,Sep-13,Internal,349025,47868
Firefox,Sep-13,External,2363965,294866
Firefox,Sep-13,Internal,6775,985
Microsoft Internet Explorer 9.x,Sep-13,External,2036592,241296
Safari,Sep-13,External,1552647,175624
Microsoft Internet Explorer 7.x,Sep-13,External,770942,108383
Microsoft Internet Explorer 7.x,Sep-13,Internal,37339,4487
Mozilla,Sep-13,External,68784,11259
Microsoft Internet Explorer 6.x,Sep-13,External,49750,10271
Microsoft Internet Explorer 6.x,Sep-13,Internal,570,183
Opera 9.x,Sep-13,External,20654,5581
Netscape Navigator 4.x,Sep-13,External,3222,2782
Links,Sep-13,External,917,290
LG P690f,Sep-13,External,211,62
Nokia C2-01,Sep-13,External,106,60
LG E425f,Sep-13,External,108,51
Microsoft Internet Explorer 999.x,Sep-13,External,136,39
Nokia 300,Sep-13,External,59,23
External,Sep-13,External,138,29
LG E975K,Sep-13,External,48,28
UCWEB,Sep-13,External,106,47
Nokia C3-00,Sep-13,External,89,23
BlackBerry 8520,Sep-13,External,64,36
Nokia 302,Sep-13,External,41,25
BlackBerry 9700,Sep-13,External,38,16
KHPHN05ANDA Linux,Sep-13,External,41,20
Opera 12.x,Sep-13,External,137,44
Konqueror 3.x,Sep-13,External,27,27
MQQBrowser,Sep-13,External,54,32
Nokia 311,Sep-13,External,8,7
IE 7 - Mozilla,Sep-13,External,25,6
LG P970h,Sep-13,External,37,12
Huawei,Sep-13,External,8,7
Nokia X2-01,Sep-13,External,20,14
GT-E3300 Opera,Sep-13,External,8,3
NetFront,Sep-13,External,18,7
Nokia 7230,Sep-13,External,2,2
Opera 8.x,Sep-13,External,21,14
Nokia X3-02,Sep-13,External,7,6
BlackBerry 9300,Sep-13,External,10,9
OneBrowser,Sep-13,External,17,7
'Mozilla,Sep-13,External,15,7
Dalvik,Sep-13,External,6,3
BlackBerry 9100,Sep-13,External,10,3
BlackBerry 9000,Sep-13,External,7,4
Sony Ericsson U5i,Sep-13,External,5,2
Nokia 200,Sep-13,External,7,6
Konqueror 4.x,Sep-13,External,76,6
Nokia X2-02,Sep-13,External,10,4
sprd-GT-A7100,Sep-13,External,12,8
VPNGate,Sep-13,External,40,8
Netscape Navigator 7.x,Sep-13,External,4,1
NAVER(inapp; cafe; 100;,Sep-13,External,2,2
Nokia 305,Sep-13,External,7,4
QQTB,Sep-13,External,1,1
GT-I9300 Linux,Sep-13,External,4,4
silly that i have to do this,Sep-13,External,14,4
LG E450f,Sep-13,External,2,1
HTC HD2 T9193 Mozilla,Sep-13,External,20,5
0 Opera,Sep-13,External,3,2
Empty,Sep-13,External,16,3
RunboX5-W Linux,Sep-13,External,3,2
Universe,Sep-13,External,3,2
SAMSUNG-GT-E2252 Opera,Sep-13,External,1,1
msie,Sep-13,External,9,3
Nokia X2-00,Sep-13,External,2,2
JUC,Sep-13,External,3,2
WordPress,Sep-13,External,4,1
GT-I9500 Linux,Sep-13,External,72,2
SAMSUNG-GT-C3262 Opera,Sep-13,External,8,1
SAMSUNG Opera,Sep-13,External,1,1
SAMSUNG-GT-E2202 Opera,Sep-13,External,29,4
Nokia 201,Sep-13,External,5,2
LG GT540f,Sep-13,External,2,1
Opera 11.x,Sep-13,External,1,1
Nokia 206,Sep-13,External,1,1
Nokia C1-01,Sep-13,External,3,2
CK={QwAqA,Sep-13,External,6,1
Epiphany 1.x,Sep-13,External,2,1
Nokia 3110c,Sep-13,External,22,2
SAMSUNG-GT-E1282T Opera,Sep-13,External,3,2
Lenovo A390 ROW:Mozilla,Sep-13,External,3,2
SAMSUNG-S8000,Sep-13,External,4,2
Nokia 308,Sep-13,External,5,2
BlackBerry 9520,Sep-13,External,1,1
BlackBerry 9500,Sep-13,External,2,1
Sony Ericsson U1i,Sep-13,External,1,1
World Manager,Sep-13,External,2,1
Motorola XT530,Sep-13,External,8,1
Nokia C3-01.5,Sep-13,External,1,1
Lenovo-A830,Sep-13,External,1,1
Nokia 5130c-2,Sep-13,External,2,1
Nokia 202,Sep-13,External,1,1
Nokia C2-03,Sep-13,External,1,1
LG E430,Sep-13,External,2,1
Mastone G9 TD,Sep-13,External,1,1
DatabaseLION,Sep-13,External,5,1
facebookexternalhit,Sep-13,External,1,1
G51 Wynncom Linux,Sep-13,External,15,1
Byond B55 Linux,Sep-13,External,1,1
no-ua,Sep-13,External,2,1
Nokia 205,Sep-13,External,1,1
TECNO D5 Linux,Sep-13,External,1,1
HUAWEI P6-T00 TD,Sep-13,External,1,1
SAMSUNG-GT-C3322i Opera,Sep-13,External,1,1
SAMSUNG-GT-B5310,Sep-13,External,1,1
SAMSUNG-GT-i8000,Sep-13,External,1,1
HTC Touch Pro2 T7381 Opera,Sep-13,External,1,1
SAMSUNG-SGH-i900,Sep-13,External,3,1
googleinstantisreallyirritating=yes,Sep-13,External,4,1
LG P760,Sep-13,External,2,1
Hobart Airport Hotel,Sep-13,External,2,1
a,Sep-13,External,1,1
Epiphany 2.x,Sep-13,External,1,1
SAMSUNG-GT-C3312 Opera,Sep-13,External,1,1
SAMSUNG-GT-E2250 Opera,Sep-13,External,1,1
MSM7627A,Sep-13,External,1,1
sprd-HY2013,Sep-13,External,5,1
motorazrV8,Sep-13,External,1,1
Chrome,Oct-13,External,4923167,751505
Chrome,Oct-13,Internal,1320,123
Microsoft Internet Explorer 10.x,Oct-13,External,3937054,530875
Microsoft Internet Explorer 8.x,Oct-13,External,2545167,371419
Microsoft Internet Explorer 8.x,Oct-13,Internal,515774,70057
Mobile Safari,Oct-13,External,2785602,444452
Firefox,Oct-13,External,3199949,438644
Firefox,Oct-13,Internal,11255,1299
Microsoft Internet Explorer 9.x,Oct-13,External,2136566,330200
Safari,Oct-13,External,1806820,255931
Microsoft Internet Explorer 7.x,Oct-13,External,805335,142834
Microsoft Internet Explorer 7.x,Oct-13,Internal,47770,6528
Mozilla,Oct-13,External,169991,19882
Microsoft Internet Explorer 6.x,Oct-13,External,68175,13815
Microsoft Internet Explorer 6.x,Oct-13,Internal,665,159
Opera 9.x,Oct-13,External,26651,6706
Netscape Navigator 4.x,Oct-13,External,3374,2995
Links,Oct-13,External,1750,412
UCWEB,Oct-13,External,735,77
LG E425f,Oct-13,External,207,65
Microsoft Internet Explorer 999.x,Oct-13,External,248,63
LG P690f,Oct-13,External,271,79
LG E975K,Oct-13,External,182,58
KHPHN05ANDA Linux,Oct-13,External,146,38
LG E450f,Oct-13,External,34,9
Opera 12.x,Oct-13,External,201,34
MQQBrowser,Oct-13,External,75,26
Konqueror 3.x,Oct-13,External,30,28
External,Oct-13,External,85,15
Nokia X2-01,Oct-13,External,24,9
Nokia 300,Oct-13,External,143,44
Nokia 200,Oct-13,External,14,10
OneBrowser,Oct-13,External,38,11
LG P970h,Oct-13,External,17,11
Nokia C3-00,Oct-13,External,186,26
Nokia C2-01,Oct-13,External,72,29
SAMSUNG-GT-E1282T Opera,Oct-13,External,12,11
Nokia 311,Oct-13,External,20,11
VPNGate,Oct-13,External,41,11
IE 7 - Mozilla,Oct-13,External,685,17
Dalvik,Oct-13,External,12,6
SAMSUNG-GT-E2252 Opera,Oct-13,External,8,4
0 Opera,Oct-13,External,22,8
BlackBerry 9700,Oct-13,External,45,24
BlackBerry 8520,Oct-13,External,35,24
Nokia 305,Oct-13,External,4,3
Nokia X2-00,Oct-13,External,3,2
Nokia 2700c-2,Oct-13,External,4,4
GT-I9300 Linux,Oct-13,External,61,10
Nokia C2-03,Oct-13,External,2,2
Nokia C1-01,Oct-13,External,1,1
Huawei,Oct-13,External,13,9
Opera 10.x,Oct-13,External,19,6
Nokia X2-02,Oct-13,External,6,3
CloudFlare-AlwaysOnline,Oct-13,External,2,2
Netscape Navigator 8.x,Oct-13,External,6,6
SAMSUNG-GT-S5292 Opera,Oct-13,External,3,2
SAMSUNG-GT-C3312 Opera,Oct-13,External,3,2
silly that i have to do this,Oct-13,External,11,7
SAMSUNG-GT-S5222 Opera,Oct-13,External,3,3
Nokia 308,Oct-13,External,13,2
PB,Oct-13,External,1,1
SAMSUNG-GT-E2202 Opera,Oct-13,External,12,3
Nokia 302,Oct-13,External,25,10
GT-E3300 Opera,Oct-13,External,8,2
Universe,Oct-13,External,16,2
Nokia X3-02,Oct-13,External,46,13
LG P760,Oct-13,External,5,2
Nokia C2-00,Oct-13,External,1,1
JUC,Oct-13,External,3,2
GT-I9500 Linux,Oct-13,External,3,2
SAMSUNG Opera,Oct-13,External,5,4
SAMSUNG-GT-C3262 Opera,Oct-13,External,3,3
Netscape Navigator 7.x,Oct-13,External,1,1
Nokia 206,Oct-13,External,1,1
Seznam screenshot-generator,Oct-13,External,4,4
OpenWave,Oct-13,External,2,2
Opera 8.x,Oct-13,External,11,10
IUC(U;iOS,Oct-13,External,6,6
SAMSUNG-GT-C3312R Opera,Oct-13,External,4,2
'Mozilla,Oct-13,External,6,3
QQTB,Oct-13,External,3,2
Nokia 5130c-2,Oct-13,External,5,2
RunboX5-W Linux,Oct-13,External,3,3
msie,Oct-13,External,3,3
Tablet-PC,Oct-13,External,3,3
Motorola EX225,Oct-13,External,3,2
anonymous,Oct-13,External,9,2
Nokia 202,Oct-13,External,3,1
googleinstantisreallyirritating=yes,Oct-13,External,4,1
Nokia 6303iclassic,Oct-13,External,1,1
samsung-GT-I9500,Oct-13,External,13,4
OmniWeb,Oct-13,External,1,1
Motorola XT530,Oct-13,External,7,2
BlackBerry 8900,Oct-13,External,3,3
BlackBerry 9100,Oct-13,External,14,3
Netscape Navigator 2.x,Oct-13,External,1,1
SAMSUNG-GT-S3572 Opera,Oct-13,External,4,2
NetFront,Oct-13,External,7,1
LG E400,Oct-13,External,3,3
BlackBerry 9300,Oct-13,External,6,3
Motorola XT316,Oct-13,External,2,1
HD2 T8585 Opera,Oct-13,External,4,2
Nokia 6700c-1,Oct-13,External,2,2
wp-iphone,Oct-13,External,4,1
?Internet Explorer,Oct-13,External,5,2
Sony Ericsson U5i,Oct-13,External,3,2
ZTE-F160,Oct-13,External,5,2
Nokia 6303classic,Oct-13,External,4,1
BlackBerry 9000,Oct-13,External,2,2
LG E430,Oct-13,External,2,2
SAMSUNG-GT-B7320,Oct-13,External,1,1
BlackBerry 9500,Oct-13,External,2,2
WordPress,Oct-13,External,15,2
Nokia 7230,Oct-13,External,3,2
skk Phoenix Linux,Oct-13,External,1,1
iMozilla,Oct-13,External,6,2
Nokia N70-1,Oct-13,External,1,1
TUUIUNMQAA,Oct-13,External,2,1
Instagram,Oct-13,External,2,1
Nokia C2-02,Oct-13,External,1,1
BlackBerry 9630,Oct-13,External,1,1
Konqueror 4.x,Oct-13,External,1,1
iCab,Oct-13,External,1,1
sprd-SKING,Oct-13,External,4,1
BlackBerry 9105,Oct-13,External,1,1
FONE 500 Linux,Oct-13,External,1,1
SAMSUNG-GT-S8500T,Oct-13,External,1,1
Nokia N70,Oct-13,External,1,1
Nokia 3720c,Oct-13,External,1,1
windows internet explorer 9,Oct-13,External,1,1
Windows,Oct-13,External,18,1
SAMSUNG-GT-I6410-Vodafone,Oct-13,External,1,1
w3m,Oct-13,External,5,1
Motorola MB525,Oct-13,External,1,1
Nokia 301,Oct-13,External,1,1
SAMSUNG-GT-S3850,Oct-13,External,4,1
BlackBerry 8530,Oct-13,External,1,1
sprd-GT-T9500,Oct-13,External,1,1
sprd-M6A,Oct-13,External,6,1
LG C320,Oct-13,External,1,1
Nokia N73-1/3.0638.0.0.30Series60,Oct-13,External,2,1
Nokia X3-02.5,Oct-13,External,1,1
Chrome,Nov-13,External,3350647,724712
Chrome,Nov-13,Internal,447,98
Microsoft Internet Explorer 10.x,Nov-13,External,2678509,538278
Microsoft Internet Explorer 8.x,Nov-13,External,1991154,410957
Microsoft Internet Explorer 8.x,Nov-13,Internal,558201,105148
Mobile Safari,Nov-13,External,1516207,462479
Firefox,Nov-13,External,1908539,417448
Firefox,Nov-13,Internal,10674,1555
Microsoft Internet Explorer 9.x,Nov-13,External,1789045,371241
Safari,Nov-13,External,882846,227309
Microsoft Internet Explorer 7.x,Nov-13,External,710298,173879
Microsoft Internet Explorer 7.x,Nov-13,Internal,58034,9001
Mozilla,Nov-13,External,101838,27046
Microsoft Internet Explorer 6.x,Nov-13,External,73254,17144
Microsoft Internet Explorer 6.x,Nov-13,Internal,907,202
Opera 9.x,Nov-13,External,16772,5806
Netscape Navigator 4.x,Nov-13,External,3679,3350
Links,Nov-13,External,2045,458
UCWEB,Nov-13,External,235,130
LG E425f,Nov-13,External,317,79
Microsoft Internet Explorer 999.x,Nov-13,External,371,83
LG P690f,Nov-13,External,454,111
LG E975K,Nov-13,External,137,47
KHPHN05ANDA Linux,Nov-13,External,122,34
LG E450f,Nov-13,External,58,17
Opera 12.x,Nov-13,External,74,17
MQQBrowser,Nov-13,External,52,10
Konqueror 3.x,Nov-13,External,32,32
External,Nov-13,External,52,17
External,Nov-13,Internal,16,2
SAMSUNG-GT-E3309T Opera,Nov-13,External,42,10
Nokia X2-01,Nov-13,External,15,10
Nokia 300,Nov-13,External,5,3
Nokia 200,Nov-13,External,5,5
OneBrowser,Nov-13,External,21,4
LG P970h,Nov-13,External,27,11
Nokia C3-00,Nov-13,External,4,4
SAMSUNG-GT-E1282T Opera,Nov-13,External,9,6
Nokia 311,Nov-13,External,5,3
VPNGate,Nov-13,External,24,8
IE 7 - Mozilla,Nov-13,External,10,10
Dalvik,Nov-13,External,12,3
SAMSUNG-GT-E2252 Opera,Nov-13,External,3,2
0 Opera,Nov-13,External,7,4
Nokia 305,Nov-13,External,15,11
Nokia X2-00,Nov-13,External,3,3
Nokia 2700c-2,Nov-13,External,3,3
GT-I9300 Linux,Nov-13,External,6,3
Nokia C2-03,Nov-13,External,2,2
Nokia C1-01,Nov-13,External,3,3
Huawei,Nov-13,External,7,3
Opera 10.x,Nov-13,External,25,6
Nokia X2-02,Nov-13,External,1,1
Nokia 201,Nov-13,External,1,1
CloudFlare-AlwaysOnline,Nov-13,External,4,4
Netscape Navigator 8.x,Nov-13,External,9,9
SAMSUNG-GT-S5292 Opera,Nov-13,External,5,4
SAMSUNG-GT-C3312 Opera,Nov-13,External,2,2
silly that i have to do this,Nov-13,External,2,2
SAMSUNG-GT-S5222 Opera,Nov-13,External,1,1
Nokia 308,Nov-13,External,6,5
PB,Nov-13,External,3,2
SAMSUNG-GT-E2202 Opera,Nov-13,External,6,4
Universe,Nov-13,External,54,5
LG P760,Nov-13,External,47,3
JUC,Nov-13,External,4,2
GT-I9500 Linux,Nov-13,External,4,3
SAMSUNG Opera,Nov-13,External,3,3
SAMSUNG-GT-C3262 Opera,Nov-13,External,6,5
SAMSUNG-GT-S3802 Opera,Nov-13,External,3,2
Netscape Navigator 7.x,Nov-13,External,4,3
Nokia 206,Nov-13,External,6,4
Nokia 110,Nov-13,External,2,2
Nokia 2690,Nov-13,External,4,3
OpenWave,Nov-13,External,7,7
IUC(U;iOS,Nov-13,External,7,1
SAMSUNG-GT-C3312R Opera,Nov-13,External,2,1
'Mozilla,Nov-13,External,5,2
Nokia 3110c,Nov-13,External,1,1
QQTB,Nov-13,External,6,5
Nokia 5130c-2,Nov-13,External,4,2
Nokia 112,Nov-13,External,2,1
Tablet-PC,Nov-13,External,2,1
Motorola EX225,Nov-13,External,11,3
anonymous,Nov-13,External,6,3
Nokia 6300,Nov-13,External,2,2
Empty,Nov-13,External,9,2
Nokia 202,Nov-13,External,1,1
Nokia 205,Nov-13,External,1,1
A40Ti,Nov-13,External,15,2
Nokia 306,Nov-13,External,1,1
HTC HD2 T9193 Opera,Nov-13,External,1,1
Nokia X2-05,Nov-13,External,1,1
N400 Linux,Nov-13,External,8,2
Epiphany 2.x,Nov-13,External,10,2
Nokia X3-00,Nov-13,External,1,1
android tablet,Nov-13,External,16,1
HTC HD2 T9193 Mozilla,Nov-13,External,1,1
TRUSTED,Nov-13,External,5,3
SAMSUNG-GT-i8000T Opera,Nov-13,External,2,2
ASTRO36 TD,Nov-13,External,3,2
Android,Nov-13,External,1,1
OmniWeb,Nov-13,External,1,1
Netscape Navigator 2.x,Nov-13,External,16,2
NetFront,Nov-13,External,1,1
Nokia 114,Nov-13,External,1,1
Nokia E7-00,Nov-13,External,4,1
Opera,Nov-13,External,38,2
Lenovo-S720i,Nov-13,External,31,2
Nokia 2730c-1,Nov-13,External,1,1
(Windows NT,Nov-13,External,1,1
UNTRUSTED,Nov-13,External,1,1
Motorola XT316,Nov-13,External,1,1
HUAWEI G520-5000 TD,Nov-13,External,5,1
Nokia 5233/UCWEB8.9.0.253/50,Nov-13,External,2,1
Lenovo A789,Nov-13,External,1,1
HTC Touch Pro2 T7381 Mozilla,Nov-13,External,5,1
Austin Linux,Nov-13,External,18,1
Sony Ericsson W705a,Nov-13,External,1,1
LG GT540f,Nov-13,External,1,1
null Linux,Nov-13,External,1,1
MALATA I50 Linux,Nov-13,External,1,1
HUAWEI P6-T00 TD,Nov-13,External,1,1
Nokia C7-00/UCBrowser7.7.0.81/51,Nov-13,External,4,1
Dropbox,Nov-13,External,4,1
SAMSUNG-GT-S3770K,Nov-13,External,1,1
BlackBerry9860 Profile,Nov-13,External,1,1
Micromax Q76,Nov-13,External,1,1
sprd-S930,Nov-13,External,4,1
LG P880,Nov-13,External,7,1
Lenovo-A516,Nov-13,External,1,1
JUC(Linux;U;Android,Nov-13,External,1,1
TTECHNO,Nov-13,External,1,1
Pikachu,Nov-13,External,1,1
steller,Nov-13,External,7,1
en-us,Nov-13,External,1,1
7aIOCLSgw75sgDOp4PQM0lztY3VYJRlHGXNnjJ4YYel3za5qLIiTglukIOIsIgXv,Nov-13,External,1,1
Chrome,Dec-13,External,2649972,560190
Chrome,Dec-13,Internal,177,55
Microsoft Internet Explorer 10.x,Dec-13,External,1890660,368090
Microsoft Internet Explorer 8.x,Dec-13,External,1452009,292288
Microsoft Internet Explorer 8.x,Dec-13,Internal,513379,86742
Mobile Safari,Dec-13,External,1306184,389383
Firefox,Dec-13,External,1467989,320944
Firefox,Dec-13,Internal,10712,1322
Microsoft Internet Explorer 9.x,Dec-13,External,1290833,263148
Safari,Dec-13,External,674221,163280
Microsoft Internet Explorer 7.x,Dec-13,External,486443,117800
Microsoft Internet Explorer 7.x,Dec-13,Internal,42226,6117
Mozilla,Dec-13,External,309996,70835
Microsoft Internet Explorer 6.x,Dec-13,External,60632,14651
Microsoft Internet Explorer 6.x,Dec-13,Internal,704,121
Opera 9.x,Dec-13,External,14039,4540
Netscape Navigator 4.x,Dec-13,External,3560,3260
Links,Dec-13,External,1564,335
UCWEB,Dec-13,External,308,166
LG E425f,Dec-13,External,357,103
Microsoft Internet Explorer 999.x,Dec-13,External,326,70
LG P690f,Dec-13,External,365,81
LG E975K,Dec-13,External,166,42
KHPHN05ANDA Linux,Dec-13,External,159,39
LG E450f,Dec-13,External,139,31
Opera 12.x,Dec-13,External,44,8
MQQBrowser,Dec-13,External,80,40
Konqueror 3.x,Dec-13,External,14,14
External,Dec-13,External,35,12
SAMSUNG-GT-E3309T Opera,Dec-13,External,68,21
Nokia X2-01,Dec-13,External,5,5
Nokia 300,Dec-13,External,1,1
Nokia 200,Dec-13,External,10,7
OneBrowser,Dec-13,External,9,5
LG P970h,Dec-13,External,18,4
Nokia C3-00,Dec-13,External,11,4
Nokia C2-01,Dec-13,External,4,4
SAMSUNG-GT-E1282T Opera,Dec-13,External,18,11
Nokia 311,Dec-13,External,15,6
VPNGate,Dec-13,External,4,3
Dalvik,Dec-13,External,10,3
SAMSUNG-GT-E2252 Opera,Dec-13,External,11,6
0 Opera,Dec-13,External,4,4
Nokia 305,Dec-13,External,3,3
Nokia X2-00,Dec-13,External,9,7
Nokia 2700c-2,Dec-13,External,29,8
GT-I9300 Linux,Dec-13,External,17,2
Nokia C2-03,Dec-13,External,3,3
Nokia C1-01,Dec-13,External,8,6
Huawei,Dec-13,External,1,1
Nokia X2-02,Dec-13,External,2,2
Nokia 201,Dec-13,External,3,2
CloudFlare-AlwaysOnline,Dec-13,External,2,2
SAMSUNG-GT-S5292 Opera,Dec-13,External,6,4
SAMSUNG-GT-C3312 Opera,Dec-13,External,10,5
silly that i have to do this,Dec-13,External,1,1
SAMSUNG-GT-S5222 Opera,Dec-13,External,6,4
Nokia 308,Dec-13,External,3,2
PB,Dec-13,External,23,5
SAMSUNG-GT-E2202 Opera,Dec-13,External,1,1
Nokia 302,Dec-13,External,2,2
GT-E3300 Opera,Dec-13,External,54,6
Universe,Dec-13,External,42,2
LG P760,Dec-13,External,11,4
Nokia C2-00,Dec-13,External,8,8
JUC,Dec-13,External,3,2
GT-I9500 Linux,Dec-13,External,2,2
SAMSUNG Opera,Dec-13,External,2,2
SAMSUNG-GT-C3262 Opera,Dec-13,External,3,2
SAMSUNG-GT-S3802 Opera,Dec-13,External,3,2
Netscape Navigator 7.x,Dec-13,External,12,2
Nokia 206,Dec-13,External,14,3
Seznam screenshot-generator,Dec-13,External,1,1
Nokia 110,Dec-13,External,2,2
OpenWave,Dec-13,External,1,1
SAMSUNG-GT-S5222R Opera,Dec-13,External,6,6
SAMSUNG-GT-C3312R Opera,Dec-13,External,1,1
'Mozilla,Dec-13,External,4,2
Nokia 3110c,Dec-13,External,4,4
Nokia 5130c-2,Dec-13,External,2,2
RunboX5-W Linux,Dec-13,External,11,4
LG P655K,Dec-13,External,1,1
Nokia 112,Dec-13,External,4,2
anonymous,Dec-13,External,4,2
Nokia 6300,Dec-13,External,1,1
Nokia 306,Dec-13,External,4,2
SAMSUNG-GT-I9308 TD,Dec-13,External,9,2
Nokia X2-05,Dec-13,External,4,1
N400 Linux,Dec-13,External,4,2
Nokia 6303iclassic,Dec-13,External,2,1
Nokia 111,Dec-13,External,1,1
Lenovo A390 ROW:Mozilla,Dec-13,External,2,2
ASM Http Client,Dec-13,External,12,1
Nokia 310,Dec-13,External,2,2
SAMSUNG-SGH-i900,Dec-13,External,3,2
Nokia 303,Dec-13,External,2,2
Nokia X3-00,Dec-13,External,2,2
SAMSUNG-GT-i8000T Opera,Dec-13,External,1,1
ASTRO36 TD,Dec-13,External,1,1
OmniWeb,Dec-13,External,1,1
Motorola XT530,Dec-13,External,1,1
SAMSUNG-SGH-A927,Dec-13,External,2,1
Nokia 5330-1d,Dec-13,External,1,1
ICOU10 Mozilla,Dec-13,External,2,2
sprd-Qutlan-k112,Dec-13,External,4,2
Xiaomi 2013022 TD,Dec-13,External,11,2
HTC ChaCha A810e,Dec-13,External,4,2
HTC Snap S523,Dec-13,External,2,1
Nokia 114,Dec-13,External,1,1
Nokia E7-00,Dec-13,External,3,1
wp-iphone,Dec-13,External,1,1
Nokia 6303classic,Dec-13,External,1,1
Lenovo-A820,Dec-13,External,5,1
Lynx,Dec-13,External,1,1
Motorola XT615,Dec-13,External,1,1
NAVER(inapp; cafe; 100;,Dec-13,External,1,1
ELinks,Dec-13,External,12,1
SAMSUNG GT-S3570 Opera,Dec-13,External,1,1
SAMSUNG GT-E2252 Opera,Dec-13,External,1,1
MT6515M-P5,Dec-13,External,1,1
ZTEU795 TD,Dec-13,External,2,1
TECNO D5 Linux,Dec-13,External,1,1
Nokia 5230,Dec-13,External,1,1
Nokia N8-00/UCWEB8.9.0.253/51,Dec-13,External,1,1
SAMSUNG-GT-i8000,Dec-13,External,1,1
MT6572 TD,Dec-13,External,2,1
SAMSUNG-GT-E3309I Opera,Dec-13,External,1,1
xmlset roodkcableoj28840ybtide,Dec-13,External,5,1
samsung-GT-I8550,Dec-13,External,1,1
Nokia C5-05,Dec-13,External,1,1
SAMSUNG-GT-I9228 TD,Dec-13,External,1,1
Chrome,Jan-14,External,3241564,697019
Chrome,Jan-14,Internal,436,88
Microsoft Internet Explorer 10.x,Jan-14,External,2247855,452136
Microsoft Internet Explorer 8.x,Jan-14,External,1685009,342497
Microsoft Internet Explorer 8.x,Jan-14,Internal,732365,116621
Mobile Safari,Jan-14,External,1621380,485472
Firefox,Jan-14,External,1756746,384150
Firefox,Jan-14,Internal,8109,1192
Microsoft Internet Explorer 9.x,Jan-14,External,1530209,313515
Microsoft Internet Explorer 9.x,Jan-14,Internal,2,1
Safari,Jan-14,External,853831,200504
Microsoft Internet Explorer 7.x,Jan-14,External,550669,132784
Microsoft Internet Explorer 7.x,Jan-14,Internal,41244,6389
Mozilla,Jan-14,External,420634,91005
Microsoft Internet Explorer 6.x,Jan-14,External,60132,14795
Microsoft Internet Explorer 6.x,Jan-14,Internal,689,123
Opera 9.x,Jan-14,External,13429,4627
Netscape Navigator 4.x,Jan-14,External,3356,3104
Links,Jan-14,External,1217,289
UCWEB,Jan-14,External,310,165
LG E425f,Jan-14,External,539,120
Microsoft Internet Explorer 999.x,Jan-14,External,467,96
LG P690f,Jan-14,External,227,60
LG E975K,Jan-14,External,124,51
KHPHN05ANDA Linux,Jan-14,External,153,32
LG E450f,Jan-14,External,93,27
Opera 12.x,Jan-14,External,54,27
MQQBrowser,Jan-14,External,47,15
Konqueror 3.x,Jan-14,External,6,6
External,Jan-14,External,66,17
SAMSUNG-GT-E3309T Opera,Jan-14,External,33,11
Nokia X2-01,Jan-14,External,22,17
Nokia 200,Jan-14,External,23,11
OneBrowser,Jan-14,External,32,8
LG P970h,Jan-14,External,4,3
Nokia C3-00,Jan-14,External,8,4
Nokia C2-01,Jan-14,External,2,2
SAMSUNG-GT-E1282T Opera,Jan-14,External,18,4
Nokia 311,Jan-14,External,5,4
VPNGate,Jan-14,External,19,8
Dalvik,Jan-14,External,18,5
SAMSUNG-GT-E2252 Opera,Jan-14,External,28,5
0 Opera,Jan-14,External,4,4
Nokia 305,Jan-14,External,1,1
Nokia X2-00,Jan-14,External,3,3
Nokia 2700c-2,Jan-14,External,4,4
GT-I9300 Linux,Jan-14,External,7,4
Nokia C2-03,Jan-14,External,7,7
Nokia C1-01,Jan-14,External,7,7
Huawei,Jan-14,External,4,3
Nokia X2-02,Jan-14,External,4,3
Nokia 201,Jan-14,External,4,4
CloudFlare-AlwaysOnline,Jan-14,External,3,3
SAMSUNG-GT-S5292 Opera,Jan-14,External,2,2
SAMSUNG-GT-C3312 Opera,Jan-14,External,3,3
silly that i have to do this,Jan-14,External,2,1
SAMSUNG-GT-S5222 Opera,Jan-14,External,1,1
PB,Jan-14,External,20,1
SAMSUNG-GT-E2202 Opera,Jan-14,External,2,2
Nokia 302,Jan-14,External,1,1
GT-E3300 Opera,Jan-14,External,27,4
Universe,Jan-14,External,6,3
Nokia C2-00,Jan-14,External,1,1
JUC,Jan-14,External,4,3
GT-I9500 Linux,Jan-14,External,6,3
SAMSUNG Opera,Jan-14,External,1,1
SAMSUNG-GT-S3802 Opera,Jan-14,External,8,3
Netscape Navigator 7.x,Jan-14,External,7,2
Nokia 206,Jan-14,External,1,1
Seznam screenshot-generator,Jan-14,External,1,1
Nokia 110,Jan-14,External,6,5
Nokia 2690,Jan-14,External,5,5
SAMSUNG-GT-S5222R Opera,Jan-14,External,1,1
IUC(U;iOS,Jan-14,External,1,1
SAMSUNG-GT-C3312R Opera,Jan-14,External,1,1
Nokia 3110c,Jan-14,External,11,2
QQTB,Jan-14,External,1,1
Nokia 5130c-2,Jan-14,External,2,2
LG P655K,Jan-14,External,7,2
Nokia 112,Jan-14,External,3,3
msie,Jan-14,External,37,4
Tablet-PC,Jan-14,External,9,3
Lenovo-A850,Jan-14,External,2,2
MT6572,Jan-14,External,8,5
Nokia 6300,Jan-14,External,4,2
Nokia 202,Jan-14,External,3,2
Nokia 205,Jan-14,External,1,1
Nokia 306,Jan-14,External,1,1
HTC HD2 T9193 Opera,Jan-14,External,10,3
SAMSUNG-GT-I9308 TD,Jan-14,External,19,2
Nokia X2-05,Jan-14,External,1,1
Nokia 309,Jan-14,External,1,1
Nokia 111,Jan-14,External,4,2
Lenovo A390 ROW:Mozilla,Jan-14,External,1,1
ASM Http Client,Jan-14,External,1,1
SAMSUNG-SGH-i900,Jan-14,External,2,1
Nokia 303,Jan-14,External,2,1
HTC HD2 T9193 Mozilla,Jan-14,External,6,2
Android,Jan-14,External,6,2
SAMSUNG-GT-S3572 Opera,Jan-14,External,1,1
NetFront,Jan-14,External,1,1
samsnote8,Jan-14,External,21,2
MID1002 Mozilla,Jan-14,External,5,2
Nokia E71/UCWEB8.9.0.253/28,Jan-14,External,2,2
Factory test failed,Jan-14,External,2,2
G51 Wynncom Linux,Jan-14,External,1,1
Nokia 5330-1d,Jan-14,External,1,1
HTC Snap S523,Jan-14,External,8,1
Nokia 2730c-1,Jan-14,External,3,1
(Windows NT,Jan-14,External,2,1
SAMSUNG-GT-B7320,Jan-14,External,1,1
skk Phoenix Linux,Jan-14,External,9,1
Nokia N70-1,Jan-14,External,1,1
Celkon A105 Linux,Jan-14,External,1,1
Windows NT,Jan-14,External,1,1
HD mini T5555 Mozilla,Jan-14,External,1,1
Sony Ericsson J10i,Jan-14,External,4,1
Nokia 7020,Jan-14,External,1,1
Microsoft Internet Explorer 5.x,Jan-14,External,5,1
HTC P3700 Mozilla,Jan-14,External,2,1
BREW-Applet,Jan-14,External,1,1
Motorola EX440,Jan-14,External,1,1
HUAWEI Y511-T00 TD,Jan-14,External,4,1
PantechP2020,Jan-14,External,3,1
P80w Linux,Jan-14,External,8,1
Microsoft Internet Explorer 2.x,Jan-14,External,7,1
WebThumbnail,Jan-14,External,1,1
LG D802,Jan-14,External,1,1
SAMSUNG-GT-I9108 TD,Jan-14,External,4,1
Quora,Jan-14,External,2,1
Bird T900,Jan-14,External,1,1
SAMSUNG-GT-I9158 TD,Jan-14,External,5,1
Chrome,Feb-14,External,3627145,760877
Chrome,Feb-14,Internal,199,67
Microsoft Internet Explorer 10.x,Feb-14,External,2617197,523947
Microsoft Internet Explorer 8.x,Feb-14,External,1769557,358164
Microsoft Internet Explorer 8.x,Feb-14,Internal,871592,134645
Mobile Safari,Feb-14,External,1695665,499849
Firefox,Feb-14,External,2002748,444458
Firefox,Feb-14,Internal,8032,1141
Microsoft Internet Explorer 9.x,Feb-14,External,1739326,350010
Safari,Feb-14,External,923455,208625
Safari,Feb-14,Internal,2,1
Microsoft Internet Explorer 7.x,Feb-14,External,612158,149393
Microsoft Internet Explorer 7.x,Feb-14,Internal,26262,3579
Mozilla,Feb-14,External,469528,97585
Microsoft Internet Explorer 6.x,Feb-14,External,64772,15850
Microsoft Internet Explorer 6.x,Feb-14,Internal,604,104
Opera 9.x,Feb-14,External,13925,5150
Netscape Navigator 4.x,Feb-14,External,2586,2384
Links,Feb-14,External,2352,473
UCWEB,Feb-14,External,290,176
LG E425f,Feb-14,External,348,99
Microsoft Internet Explorer 999.x,Feb-14,External,691,146
LG P690f,Feb-14,External,270,74
LG E975K,Feb-14,External,136,54
KHPHN05ANDA Linux,Feb-14,External,103,43
LG E450f,Feb-14,External,93,30
Opera 12.x,Feb-14,External,60,14
MQQBrowser,Feb-14,External,21,7
Konqueror 3.x,Feb-14,External,9,9
External,Feb-14,External,113,17
SAMSUNG-GT-E3309T Opera,Feb-14,External,49,13
Nokia X2-01,Feb-14,External,25,10
Nokia 200,Feb-14,External,12,12
OneBrowser,Feb-14,External,93,15
LG P970h,Feb-14,External,37,13
Nokia C3-00,Feb-14,External,3,2
SAMSUNG-GT-E1282T Opera,Feb-14,External,2,2
Nokia 311,Feb-14,External,10,7
VPNGate,Feb-14,External,34,1
Dalvik,Feb-14,External,40,10
SAMSUNG-GT-E2252 Opera,Feb-14,External,9,8
0 Opera,Feb-14,External,5,5
Nokia 305,Feb-14,External,14,5
Nokia X2-00,Feb-14,External,6,6
Nokia 2700c-2,Feb-14,External,2,2
GT-I9300 Linux,Feb-14,External,5,2
Nokia C2-03,Feb-14,External,4,4
Nokia C1-01,Feb-14,External,4,1
Huawei,Feb-14,External,1,1
Opera 10.x,Feb-14,External,10,4
Nokia X2-02,Feb-14,External,8,7
Nokia 201,Feb-14,External,9,8
CloudFlare-AlwaysOnline,Feb-14,External,4,4
SAMSUNG-GT-S5292 Opera,Feb-14,External,7,3
SAMSUNG-GT-C3312 Opera,Feb-14,External,14,3
silly that i have to do this,Feb-14,External,12,4
SAMSUNG-GT-S5222 Opera,Feb-14,External,8,5
Nokia 308,Feb-14,External,7,5
PB,Feb-14,External,48,5
SAMSUNG-GT-E2202 Opera,Feb-14,External,5,4
Nokia 302,Feb-14,External,1,1
GT-E3300 Opera,Feb-14,External,2,1
Universe,Feb-14,External,1,1
LG P760,Feb-14,External,8,3
Nokia C2-00,Feb-14,External,2,2
JUC,Feb-14,External,5,3
GT-I9500 Linux,Feb-14,External,4,2
SAMSUNG Opera,Feb-14,External,3,2
SAMSUNG-GT-C3262 Opera,Feb-14,External,4,2
SAMSUNG-GT-S3802 Opera,Feb-14,External,6,4
Netscape Navigator 7.x,Feb-14,External,5,3
Nokia 206,Feb-14,External,3,2
Seznam screenshot-generator,Feb-14,External,5,5
Nokia 110,Feb-14,External,17,1
Nokia 2690,Feb-14,External,2,2
SAMSUNG-GT-S5222R Opera,Feb-14,External,2,2
IUC(U;iOS,Feb-14,External,2,1
SAMSUNG-GT-C3312R Opera,Feb-14,External,4,4
'Mozilla,Feb-14,External,2,2
Nokia 3110c,Feb-14,External,1,1
RunboX5-W Linux,Feb-14,External,1,1
RunboX5-King Linux,Feb-14,External,29,7
LG P655K,Feb-14,External,16,4
Nokia 112,Feb-14,External,1,1
Motorola EX225,Feb-14,External,4,2
Lenovo-A850,Feb-14,External,12,4
MT6572,Feb-14,External,1,1
Nokia 6300,Feb-14,External,1,1
Empty,Feb-14,External,23,4
Nokia 202,Feb-14,External,4,2
Nokia 205,Feb-14,External,4,3
A40Ti,Feb-14,External,15,3
Nokia 306,Feb-14,External,1,1
HTC HD2 T9193 Opera,Feb-14,External,1,1
PantechP7040,Feb-14,External,4,4
Nokia X2-05,Feb-14,External,1,1
Epiphany 2.x,Feb-14,External,3,2
googleinstantisreallyirritating=yes,Feb-14,External,11,3
Nokia 6303iclassic,Feb-14,External,2,2
iPad,Feb-14,External,6,3
Nokia 309,Feb-14,External,2,2
ASM Http Client,Feb-14,External,6,1
Nokia 310,Feb-14,External,3,1
android tablet,Feb-14,External,3,2
Lenovo-A766,Feb-14,External,2,2
SAMSUNG GT-S3330 Opera,Feb-14,External,2,2
SAMSUNG-GT-E2250 Opera,Feb-14,External,2,2
Kik,Feb-14,External,2,2
Athens15 TD,Feb-14,External,5,2
G51 Wynncom Linux,Feb-14,External,1,1
SAMSUNG-SGH-A927,Feb-14,External,1,1
UNTRUSTED,Feb-14,External,1,1
Nokia C6-01/UCWEB8.9.0.253/51,Feb-14,External,2,1
HUAWEI T8833 TD,Feb-14,External,3,1
Nokia E72-1,Feb-14,External,1,1
X9 NOTE Linux,Feb-14,External,5,1
Nokia 5233,Feb-14,External,1,1
samsung-GT-I9295,Feb-14,External,1,1
Nokia C1-02,Feb-14,External,1,1
NOKIAE5-00,Feb-14,External,1,1
OurBrowser,Feb-14,External,1,1
PantechP9020,Feb-14,External,1,1
(compatible; MSIE,Feb-14,External,1,1
OperaMQQBrowser,Feb-14,External,1,1
PANTECH-P7000,Feb-14,External,8,1
Xiaomi 2013061 TD,Feb-14,External,2,1
Lenovo S880,Feb-14,External,1,1
travelviajes,Feb-14,External,1,1
MQBrowser,Feb-14,External,1,1
Karbonn A25 Linux,Feb-14,External,1,1
Karbonn Titanium S9,Feb-14,External,1,1
AJPTNFMU,Feb-14,External,4,1
Sony Ericsson W595,Feb-14,External,1,1
Nokia 7210Supernova,Feb-14,External,1,1
SAMSUNG-SGH-A847,Feb-14,External,1,1
User-Agent: Mozilla,Feb-14,External,1,1
Chrome,Mar-14,External,4153083,884019
Chrome,Mar-14,Internal,160,46
Microsoft Internet Explorer 10.x,Mar-14,External,2934332,584800
Mobile Safari,Mar-14,External,1973177,591435
Microsoft Internet Explorer 8.x,Mar-14,External,1825780,370552
Microsoft Internet Explorer 8.x,Mar-14,Internal,935819,145321
Firefox,Mar-14,External,2160482,483120
Firefox,Mar-14,Internal,6889,1154
Microsoft Internet Explorer 9.x,Mar-14,External,1860352,377229
Safari,Mar-14,External,1016469,233441
Microsoft Internet Explorer 7.x,Mar-14,External,660433,158505
Microsoft Internet Explorer 7.x,Mar-14,Internal,14844,2176
Mozilla,Mar-14,External,509596,111616
Microsoft Internet Explorer 6.x,Mar-14,External,63779,15969
Microsoft Internet Explorer 6.x,Mar-14,Internal,244,34
Opera 9.x,Mar-14,External,15591,5863
Netscape Navigator 4.x,Mar-14,External,2865,2682
Links,Mar-14,External,3994,844
UCWEB,Mar-14,External,346,212
Microsoft Internet Explorer 999.x,Mar-14,External,884,208
LG E425f,Mar-14,External,334,78
LG E450f,Mar-14,External,281,100
LG E975K,Mar-14,External,192,56
LG P690f,Mar-14,External,395,67
KHPHN05ANDA Linux,Mar-14,External,86,28
SAMSUNG-GT-E3309T Opera,Mar-14,External,105,25
External,Mar-14,External,82,13
Konqueror 3.x,Mar-14,External,8,8
Opera 12.x,Mar-14,External,37,9
Nokia 201,Mar-14,External,20,14
MQQBrowser,Mar-14,External,46,12
Nokia 200,Mar-14,External,9,8
Dalvik,Mar-14,External,12,6
Nokia X2-02,Mar-14,External,9,8
Nokia 311,Mar-14,External,6,6
OneBrowser,Mar-14,External,22,9
Nokia C1-01,Mar-14,External,2,2
0 Opera,Mar-14,External,4,3
MT6572,Mar-14,External,12,6
OurBrowser,Mar-14,External,4,1
LG P970h,Mar-14,External,21,8
Nokia C3-00,Mar-14,External,16,11
CloudFlare-AlwaysOnline,Mar-14,External,5,5
Nokia X2-01,Mar-14,External,7,6
Athens15 TD,Mar-14,External,8,3
SAMSUNG-GT-E2202 Opera,Mar-14,External,1,1
Nokia 305,Mar-14,External,13,5
'Mozilla,Mar-14,External,8,4
LG P655K,Mar-14,External,13,2
Nokia 2700c-2,Mar-14,External,3,2
JUC,Mar-14,External,2,2
SAMSUNG-GT-C3262 Opera,Mar-14,External,2,2
MT6572 TD,Mar-14,External,53,8
SAMSUNG-GT-E1282T Opera,Mar-14,External,3,3
googleinstantisreallyirritating=yes,Mar-14,External,41,8
Seznam screenshot-generator,Mar-14,External,3,3
SAMSUNG-GT-E2252 Opera,Mar-14,External,5,3
anonymous,Mar-14,External,9,3
Nokia 205,Mar-14,External,3,3
Nokia X2-00,Mar-14,External,3,3
Nokia 2690,Mar-14,External,3,3
Empty,Mar-14,External,6,1
Nokia C2-01,Mar-14,External,4,2
Nokia 308,Mar-14,External,3,2
SAMSUNG-GT-S5222 Opera,Mar-14,External,4,3
Lenovo A390 ROW:Mozilla,Mar-14,External,3,1
Huawei,Mar-14,External,1,1
Nokia 310,Mar-14,External,3,1
Nokia C2-03,Mar-14,External,4,2
SAMSUNG Opera,Mar-14,External,3,3
ThumbnailAgent,Mar-14,External,2,2
msie,Mar-14,External,90,3
Opera 10.x,Mar-14,External,7,3
JUC(Linux;U;Android,Mar-14,External,1,1
SAMSUNG-GT-C3312 Opera,Mar-14,External,6,2
PB,Mar-14,External,2,1
Netscape Navigator 7.x,Mar-14,External,4,2
Nokia 5130c-2,Mar-14,External,1,1
Nokia 112,Mar-14,External,1,1
Lenovo-A889,Mar-14,External,16,4
Nokia 206,Mar-14,External,2,2
Android,Mar-14,External,4,3
SAMSUNG-GT-S5292 Opera,Mar-14,External,7,4
GT-I9300 Linux,Mar-14,External,11,4
HUAWEI Y511-T00 TD,Mar-14,External,7,2
SAMSUNG GT-S3332 Opera,Mar-14,External,1,1
Nokia C2-00,Mar-14,External,1,1
en-us,Mar-14,External,3,3
SAMSUNG GT-S3330 Opera,Mar-14,External,3,3
Nokia 303,Mar-14,External,1,1
Nokia 306,Mar-14,External,1,1
SAMSUNG-GT-E3300V Opera,Mar-14,External,18,3
SAMSUNG-GT-S3802 Opera,Mar-14,External,2,1
Epiphany 2.x,Mar-14,External,12,2
LG P760,Mar-14,External,6,3
HUAWEI MT1-T00 TD,Mar-14,External,2,2
Nokia C2-02,Mar-14,External,1,1
samsung-GT-I9500,Mar-14,External,2,2
Nokia 205.1,Mar-14,External,2,2
SAMSUNG-GT-S5222R Opera,Mar-14,External,2,2
SAMSUNG-GT-E3309I Opera,Mar-14,External,1,1
Lenovo A369 Linux,Mar-14,External,4,2
Uzbl,Mar-14,External,7,2
Lenovo-A820,Mar-14,External,4,2
Universe,Mar-14,External,5,1
QQTB,Mar-14,External,2,2
Karbonn A25 Linux,Mar-14,External,2,1
Lenovo-A880,Mar-14,External,1,1
silly that i have to do this,Mar-14,External,3,2
iCab Mobile,Mar-14,External,48,2
Lenovo-A516,Mar-14,External,45,2
HTC802t TD,Mar-14,External,22,2
MT6592 TD,Mar-14,External,3,1
Motorola MB525,Mar-14,External,1,1
LG GT540f,Mar-14,External,3,1
SAMSUNG-GT-I9308 TD,Mar-14,External,15,1
Sony Ericsson J105i,Mar-14,External,4,1
CoolPad8190Q CMCC TD,Mar-14,External,6,1
P80w Linux,Mar-14,External,7,1
WordPress,Mar-14,External,3,1
User-Agent: Mozilla,Mar-14,External,1,1
Lenovo S890,Mar-14,External,4,1
samsung-GT-I8550,Mar-14,External,1,1
Opera 11.x,Mar-14,External,6,1
Nokia 114,Mar-14,External,1,1
Dillo,Mar-14,External,3,1
SAMSUNG-SGH-A927,Mar-14,External,1,1
SAMSUNG-GT-i8000T Mozilla,Mar-14,External,1,1
Mastone G9 TD,Mar-14,External,1,1
Sony Ericsson S500i,Mar-14,External,1,1
LG P920,Mar-14,External,1,1
Nokia 3120classic,Mar-14,External,2,1
Lenovo-A850,Mar-14,External,10,1
SAMSUNG-GT-E2250 Opera,Mar-14,External,1,1
SAMSUNG-GT-I9158 TD,Mar-14,External,2,1
KRIS C2GqGrrA5lUmoSWeVVA480bOc6JrWvgDSdnEEj7Ucjft4h8 KRIS,Mar-14,External,1,1
SAMSUNG-GT-S3800W Opera,Mar-14,External,2,1
HD2 T8585 Mozilla,Mar-14,External,2,1
Nokia X3-02,Mar-14,External,1,1
Nokia 6681,Mar-14,External,1,1
Windows,Mar-14,External,4,1
Nokia 5310XpressMusic,Mar-14,External,1,1
ASM Http Client,Mar-14,External,11,1
SAMSUNG-GT-S6818 TD,Mar-14,External,5,1
BlackBerry 8520,Mar-14,External,2,1
SAMSUNG-GT-S3572 Opera,Mar-14,External,1,1
HTC Touch Pro2 T7373 Mozilla,Mar-14,External,2,1
Infinix BUZZ Linux,Mar-14,External,4,1
BREW-Applet,Mar-14,External,1,1
sprd-S930,Mar-14,External,1,1
Nokia 5610d-1,Mar-14,External,1,1
Nokia 6500s-1,Mar-14,External,1,1
Nokia 309,Mar-14,External,1,1
Lenovo-A269i,Mar-14,External,2,1
Sony Ericsson G502,Mar-14,External,1,1
PantechP7040,Mar-14,External,1,1
LG E610,Mar-14,External,2,1
sprd-Galaxy-S4,Mar-14,External,1,1
Privoxy,Mar-14,External,1,1
Nokia 2055,Mar-14,External,1,1
UNTRUSTED,Mar-14,External,2,1
Kik,Mar-14,External,1,1
Nokia 302,Mar-14,External,1,1
Chrome,Apr-14,External,5882144,1268942
Chrome,Apr-14,Internal,229,75
Microsoft Internet Explorer 10.x,Apr-14,External,4220892,858960
Mobile Safari,Apr-14,External,2637700,788813
Microsoft Internet Explorer 8.x,Apr-14,External,2240077,463463
Microsoft Internet Explorer 8.x,Apr-14,Internal,1190450,193229
Firefox,Apr-14,External,2958178,668242
Firefox,Apr-14,Internal,10071,1558
Microsoft Internet Explorer 9.x,Apr-14,External,2382981,488639
Safari,Apr-14,External,1435185,326775
Microsoft Internet Explorer 7.x,Apr-14,External,814104,200887
Microsoft Internet Explorer 7.x,Apr-14,Internal,28041,5848
Mozilla,Apr-14,External,780215,169747
Microsoft Internet Explorer 6.x,Apr-14,External,76789,19292
Microsoft Internet Explorer 6.x,Apr-14,Internal,85,20
Opera 9.x,Apr-14,External,19452,7612
Netscape Navigator 4.x,Apr-14,External,4204,3698
Links,Apr-14,External,7745,1584
UCWEB,Apr-14,External,515,311
Microsoft Internet Explorer 999.x,Apr-14,External,1516,285
LG E425f,Apr-14,External,764,193
LG E450f,Apr-14,External,564,154
LG E975K,Apr-14,External,291,110
LG P690f,Apr-14,External,143,35
KHPHN05ANDA Linux,Apr-14,External,186,29
SAMSUNG-GT-E3309T Opera,Apr-14,External,108,24
External,Apr-14,External,82,21
Konqueror 3.x,Apr-14,External,28,20
Opera 12.x,Apr-14,External,47,17
Nokia 201,Apr-14,External,10,10
MQQBrowser,Apr-14,External,87,11
Nokia 200,Apr-14,External,12,11
Dalvik,Apr-14,External,42,12
Nokia X2-02,Apr-14,External,15,10
Nokia 311,Apr-14,External,13,11
OneBrowser,Apr-14,External,8,6
Nokia C1-01,Apr-14,External,14,12
0 Opera,Apr-14,External,11,11
MT6572,Apr-14,External,64,8
OurBrowser,Apr-14,External,68,13
LG P970h,Apr-14,External,8,5
Nokia C3-00,Apr-14,External,2,2
CloudFlare-AlwaysOnline,Apr-14,External,6,6
Nokia X2-01,Apr-14,External,5,5
"""Mozilla",Apr-14,External,10,10
Athens15 TD,Apr-14,External,29,7
SAMSUNG-GT-E2202 Opera,Apr-14,External,27,9
Nokia 305,Apr-14,External,52,5
Lenovo A390 Linux,Apr-14,External,73,9
'Mozilla,Apr-14,External,8,5
LG P655K,Apr-14,External,27,7
Nokia 2700c-2,Apr-14,External,11,7
Nokia 2730c-1,Apr-14,External,20,8
JUC,Apr-14,External,6,6
SAMSUNG-GT-C3262 Opera,Apr-14,External,7,6
SAMSUNG-GT-E1282T Opera,Apr-14,External,6,5
Seznam screenshot-generator,Apr-14,External,5,5
SAMSUNG-GT-E2252 Opera,Apr-14,External,7,5
Nokia 210,Apr-14,External,7,7
anonymous,Apr-14,External,12,4
Nokia 205,Apr-14,External,10,4
Nokia X2-00,Apr-14,External,6,4
Nokia 2690,Apr-14,External,4,4
Microsoft Internet Explorer 5.x,Apr-14,External,12,6
GT-E3300 Opera,Apr-14,External,12,6
Empty,Apr-14,External,89,5
Nokia C2-01,Apr-14,External,8,4
Nokia 308,Apr-14,External,4,4
SAMSUNG-GT-S5222 Opera,Apr-14,External,4,3
Nokia 202,Apr-14,External,17,5
World Manager,Apr-14,External,21,5
Lenovo A390 ROW:Mozilla,Apr-14,External,26,4
Huawei,Apr-14,External,10,4
Nokia 310,Apr-14,External,4,4
Nokia C2-03,Apr-14,External,3,3
SAMSUNG Opera,Apr-14,External,3,2
ThumbnailAgent,Apr-14,External,3,3
msie,Apr-14,External,4,2
Opera 10.x,Apr-14,External,2,2
JUC(Linux;U;Android,Apr-14,External,4,4
SAMSUNG-GT-C3312 Opera,Apr-14,External,6,3
Austin Linux,Apr-14,External,8,4
RunboX5-W Linux,Apr-14,External,6,4
SAMSUNG-GT-I9128I TD,Apr-14,External,21,4
PB,Apr-14,External,7,3
Netscape Navigator 7.x,Apr-14,External,3,2
Nokia 5130c-2,Apr-14,External,4,3
Nokia 112,Apr-14,External,3,3
Nokia 206,Apr-14,External,4,2
Android,Apr-14,External,2,1
HTC Touch Pro2 T7381 Opera,Apr-14,External,4,3
Nokia 7210Supernova,Apr-14,External,3,3
SAMSUNG-GT-I9108 TD,Apr-14,External,26,3
Nokia 6303iclassic,Apr-14,External,3,3
Lenovo-A766,Apr-14,External,7,3
HUAWEI Y511-T00 TD,Apr-14,External,1,1
SAMSUNG GT-S3332 Opera,Apr-14,External,2,2
Nokia C2-00,Apr-14,External,3,2
Nokia 303,Apr-14,External,2,2
Nokia 306,Apr-14,External,2,2
SAMSUNG-GT-S3802 Opera,Apr-14,External,3,2
Epiphany 2.x,Apr-14,External,1,1
Lenovo-A830,Apr-14,External,10,2
Nokia 6300,Apr-14,External,2,2
Nokia 5233,Apr-14,External,2,2
Nokia 3110c,Apr-14,External,2,2
WebThumbnail,Apr-14,External,2,2
Sony Ericsson W20,Apr-14,External,2,2
MQBrowser,Apr-14,External,28,2
gt,Apr-14,External,2,2
SAMSUNG-SGH-A667,Apr-14,External,2,2
Nokia 300,Apr-14,External,2,2
MSIE 9,Apr-14,External,2,2
SAMSUNG-GT-E2200 Opera,Apr-14,External,3,2
DOUBLE IV Linux,Apr-14,External,8,2
Nokia 110,Apr-14,External,9,2
Nokia C2-02,Apr-14,External,1,1
SAMSUNG-GT-E3309I Opera,Apr-14,External,2,1
Universe,Apr-14,External,1,1
Karbonn A25 Linux,Apr-14,External,3,1
Lenovo-A880,Apr-14,External,1,1
Dooble,Apr-14,External,1,1
SAMSUNG-GT-B7610,Apr-14,External,2,1
HTC HD2 T9193 Opera,Apr-14,External,1,1
SAMSUNG-GT-C3312R Opera,Apr-14,External,3,1
Lenovo S880,Apr-14,External,2,1
ZTEU880F1 TD,Apr-14,External,2,1
Motorola XT390,Apr-14,External,1,1
97718A ABROAD,Apr-14,External,1,1
BlackBerry 9700,Apr-14,External,1,1
Swingtel SX3 Linux,Apr-14,External,5,1
iBrowser,Apr-14,External,2,1
fuckoff,Apr-14,External,2,1
I9300 Linux,Apr-14,External,3,1
AEIUEFLDR,Apr-14,External,2,1
NetFront,Apr-14,External,5,1
LG E460,Apr-14,External,3,1
Motorola EX225,Apr-14,External,1,1
Nokia 210.3,Apr-14,External,1,1
ASTRO36 TD,Apr-14,External,1,1
TyroTerminalAdapter,Apr-14,External,3,1
